session_test_id,email,age,gender,trial_id,rating_stimulus,rating_score,rating_time,rating_comment
mushra_plugin,heisser54839@estudiantes.untref.edu.ar,30,male,item1,anchor35,74,20539,
mushra_plugin,heisser54839@estudiantes.untref.edu.ar,30,male,item1,reference,53,20539,
mushra_plugin,heisser54839@estudiantes.untref.edu.ar,30,male,item1,C2,64,20539,
mushra_plugin,heisser54839@estudiantes.untref.edu.ar,30,male,item1,C1,65,20539,
mushra_plugin,heisser54839@estudiantes.untref.edu.ar,30,male,item1,anchor70,56,20539,
mushra_plugin,heisser54839@estudiantes.untref.edu.ar,30,male,item2,C1,100,2011,
mushra_plugin,heisser54839@estudiantes.untref.edu.ar,30,male,item2,anchor70,100,2011,
mushra_plugin,heisser54839@estudiantes.untref.edu.ar,30,male,item2,C2,100,2011,
mushra_plugin,heisser54839@estudiantes.untref.edu.ar,30,male,item2,anchor35,100,2011,
mushra_plugin,heisser54839@estudiantes.untref.edu.ar,30,male,item2,reference,100,2011,
mushra_plugin,heisser54839@estudiantes.untref.edu.ar,30,male,item3,C1,0,20708,
mushra_plugin,heisser54839@estudiantes.untref.edu.ar,30,male,item3,anchor70,0,20708,
mushra_plugin,heisser54839@estudiantes.untref.edu.ar,30,male,item3,C2,8,20708,
mushra_plugin,heisser54839@estudiantes.untref.edu.ar,30,male,item3,reference,100,20708,
mushra_plugin,heisser54839@estudiantes.untref.edu.ar,30,male,item3,anchor35,100,20708,
mushra_plugin,heisser54839@estudiantes.untref.edu.ar,30,female,item1,C1,100,1783,
mushra_plugin,heisser54839@estudiantes.untref.edu.ar,30,female,item1,anchor70,100,1783,
mushra_plugin,heisser54839@estudiantes.untref.edu.ar,30,female,item1,reference,100,1783,
mushra_plugin,heisser54839@estudiantes.untref.edu.ar,30,female,item1,anchor35,100,1783,
mushra_plugin,heisser54839@estudiantes.untref.edu.ar,30,female,item1,C2,100,1783,
mushra_plugin,heisser54839@estudiantes.untref.edu.ar,30,female,item2,C2,100,1830,
mushra_plugin,heisser54839@estudiantes.untref.edu.ar,30,female,item2,C1,100,1830,
mushra_plugin,heisser54839@estudiantes.untref.edu.ar,30,female,item2,anchor70,100,1830,
mushra_plugin,heisser54839@estudiantes.untref.edu.ar,30,female,item2,anchor35,100,1830,
mushra_plugin,heisser54839@estudiantes.untref.edu.ar,30,female,item2,reference,100,1830,
mushra_plugin,heisser54839@estudiantes.untref.edu.ar,30,female,item3,reference,100,1349,
mushra_plugin,heisser54839@estudiantes.untref.edu.ar,30,female,item3,C2,100,1349,
mushra_plugin,heisser54839@estudiantes.untref.edu.ar,30,female,item3,anchor35,100,1349,
mushra_plugin,heisser54839@estudiantes.untref.edu.ar,30,female,item3,C1,100,1349,
mushra_plugin,heisser54839@estudiantes.untref.edu.ar,30,female,item3,anchor70,100,1349,
mushra_plugin,31,20,productor,Auriculares,moderado,amplia,sdasdasdasdasdasdaaaaaaaaaaaaaaaaaaaaaaaaaaaaaaaaaaaaaaaaaaaaaaaaaaaaaaaaaaaaaaaaaaaaaaaaaaaaaaaaaaaaaaaaaaaaaaaaaaaaaaaaaaaaaaaaaaaaaaaaaaaaaaaaaaaaaaaaaaaaaaaaaaaaaaaaaaaaaaaaaaaaaaaaaaaaaaaaaaaaaaaaaaaaaaaaaaaaaaaaaaaaaaaaaaaaaaaaaaaaaaaaaaaaaaaaaaaaaaaaa,item1,C1,60,85802,
mushra_plugin,31,20,productor,Auriculares,moderado,amplia,sdasdasdasdasdasdaaaaaaaaaaaaaaaaaaaaaaaaaaaaaaaaaaaaaaaaaaaaaaaaaaaaaaaaaaaaaaaaaaaaaaaaaaaaaaaaaaaaaaaaaaaaaaaaaaaaaaaaaaaaaaaaaaaaaaaaaaaaaaaaaaaaaaaaaaaaaaaaaaaaaaaaaaaaaaaaaaaaaaaaaaaaaaaaaaaaaaaaaaaaaaaaaaaaaaaaaaaaaaaaaaaaaaaaaaaaaaaaaaaaaaaaaaaaaaaaa,item1,reference,100,85802,
mushra_plugin,31,20,productor,Auriculares,moderado,amplia,sdasdasdasdasdasdaaaaaaaaaaaaaaaaaaaaaaaaaaaaaaaaaaaaaaaaaaaaaaaaaaaaaaaaaaaaaaaaaaaaaaaaaaaaaaaaaaaaaaaaaaaaaaaaaaaaaaaaaaaaaaaaaaaaaaaaaaaaaaaaaaaaaaaaaaaaaaaaaaaaaaaaaaaaaaaaaaaaaaaaaaaaaaaaaaaaaaaaaaaaaaaaaaaaaaaaaaaaaaaaaaaaaaaaaaaaaaaaaaaaaaaaaaaaaaaaa,item1,C2,80,85802,
mushra_plugin,31,20,productor,Auriculares,moderado,amplia,sdasdasdasdasdasdaaaaaaaaaaaaaaaaaaaaaaaaaaaaaaaaaaaaaaaaaaaaaaaaaaaaaaaaaaaaaaaaaaaaaaaaaaaaaaaaaaaaaaaaaaaaaaaaaaaaaaaaaaaaaaaaaaaaaaaaaaaaaaaaaaaaaaaaaaaaaaaaaaaaaaaaaaaaaaaaaaaaaaaaaaaaaaaaaaaaaaaaaaaaaaaaaaaaaaaaaaaaaaaaaaaaaaaaaaaaaaaaaaaaaaaaaaaaaaaaa,item1,C3,0,85802,
mushra_plugin,31,20,productor,Auriculares,moderado,amplia,sdasdasdasdasdasdaaaaaaaaaaaaaaaaaaaaaaaaaaaaaaaaaaaaaaaaaaaaaaaaaaaaaaaaaaaaaaaaaaaaaaaaaaaaaaaaaaaaaaaaaaaaaaaaaaaaaaaaaaaaaaaaaaaaaaaaaaaaaaaaaaaaaaaaaaaaaaaaaaaaaaaaaaaaaaaaaaaaaaaaaaaaaaaaaaaaaaaaaaaaaaaaaaaaaaaaaaaaaaaaaaaaaaaaaaaaaaaaaaaaaaaaaaaaaaaaa,item2,C3,5,38851,
mushra_plugin,31,20,productor,Auriculares,moderado,amplia,sdasdasdasdasdasdaaaaaaaaaaaaaaaaaaaaaaaaaaaaaaaaaaaaaaaaaaaaaaaaaaaaaaaaaaaaaaaaaaaaaaaaaaaaaaaaaaaaaaaaaaaaaaaaaaaaaaaaaaaaaaaaaaaaaaaaaaaaaaaaaaaaaaaaaaaaaaaaaaaaaaaaaaaaaaaaaaaaaaaaaaaaaaaaaaaaaaaaaaaaaaaaaaaaaaaaaaaaaaaaaaaaaaaaaaaaaaaaaaaaaaaaaaaaaaaaa,item2,C2,46,38851,
mushra_plugin,31,20,productor,Auriculares,moderado,amplia,sdasdasdasdasdasdaaaaaaaaaaaaaaaaaaaaaaaaaaaaaaaaaaaaaaaaaaaaaaaaaaaaaaaaaaaaaaaaaaaaaaaaaaaaaaaaaaaaaaaaaaaaaaaaaaaaaaaaaaaaaaaaaaaaaaaaaaaaaaaaaaaaaaaaaaaaaaaaaaaaaaaaaaaaaaaaaaaaaaaaaaaaaaaaaaaaaaaaaaaaaaaaaaaaaaaaaaaaaaaaaaaaaaaaaaaaaaaaaaaaaaaaaaaaaaaaa,item2,C1,77,38851,
mushra_plugin,31,20,productor,Auriculares,moderado,amplia,sdasdasdasdasdasdaaaaaaaaaaaaaaaaaaaaaaaaaaaaaaaaaaaaaaaaaaaaaaaaaaaaaaaaaaaaaaaaaaaaaaaaaaaaaaaaaaaaaaaaaaaaaaaaaaaaaaaaaaaaaaaaaaaaaaaaaaaaaaaaaaaaaaaaaaaaaaaaaaaaaaaaaaaaaaaaaaaaaaaaaaaaaaaaaaaaaaaaaaaaaaaaaaaaaaaaaaaaaaaaaaaaaaaaaaaaaaaaaaaaaaaaaaaaaaaaa,item2,reference,100,38851,
mushra_plugin,31,20,productor,Auriculares,moderado,amplia,sdasdasdasdasdasdaaaaaaaaaaaaaaaaaaaaaaaaaaaaaaaaaaaaaaaaaaaaaaaaaaaaaaaaaaaaaaaaaaaaaaaaaaaaaaaaaaaaaaaaaaaaaaaaaaaaaaaaaaaaaaaaaaaaaaaaaaaaaaaaaaaaaaaaaaaaaaaaaaaaaaaaaaaaaaaaaaaaaaaaaaaaaaaaaaaaaaaaaaaaaaaaaaaaaaaaaaaaaaaaaaaaaaaaaaaaaaaaaaaaaaaaaaaaaaaaa,item3,C1,48,26958,
mushra_plugin,31,20,productor,Auriculares,moderado,amplia,sdasdasdasdasdasdaaaaaaaaaaaaaaaaaaaaaaaaaaaaaaaaaaaaaaaaaaaaaaaaaaaaaaaaaaaaaaaaaaaaaaaaaaaaaaaaaaaaaaaaaaaaaaaaaaaaaaaaaaaaaaaaaaaaaaaaaaaaaaaaaaaaaaaaaaaaaaaaaaaaaaaaaaaaaaaaaaaaaaaaaaaaaaaaaaaaaaaaaaaaaaaaaaaaaaaaaaaaaaaaaaaaaaaaaaaaaaaaaaaaaaaaaaaaaaaaa,item3,C2,79,26958,
mushra_plugin,31,20,productor,Auriculares,moderado,amplia,sdasdasdasdasdasdaaaaaaaaaaaaaaaaaaaaaaaaaaaaaaaaaaaaaaaaaaaaaaaaaaaaaaaaaaaaaaaaaaaaaaaaaaaaaaaaaaaaaaaaaaaaaaaaaaaaaaaaaaaaaaaaaaaaaaaaaaaaaaaaaaaaaaaaaaaaaaaaaaaaaaaaaaaaaaaaaaaaaaaaaaaaaaaaaaaaaaaaaaaaaaaaaaaaaaaaaaaaaaaaaaaaaaaaaaaaaaaaaaaaaaaaaaaaaaaaa,item3,C3,0,26958,
mushra_plugin,31,20,productor,Auriculares,moderado,amplia,sdasdasdasdasdasdaaaaaaaaaaaaaaaaaaaaaaaaaaaaaaaaaaaaaaaaaaaaaaaaaaaaaaaaaaaaaaaaaaaaaaaaaaaaaaaaaaaaaaaaaaaaaaaaaaaaaaaaaaaaaaaaaaaaaaaaaaaaaaaaaaaaaaaaaaaaaaaaaaaaaaaaaaaaaaaaaaaaaaaaaaaaaaaaaaaaaaaaaaaaaaaaaaaaaaaaaaaaaaaaaaaaaaaaaaaaaaaaaaaaaaaaaaaaaaaaa,item3,reference,100,26958,
mushra_plugin,31,20,productor,Auriculares,moderado,amplia,sdasdasdasdasdasdaaaaaaaaaaaaaaaaaaaaaaaaaaaaaaaaaaaaaaaaaaaaaaaaaaaaaaaaaaaaaaaaaaaaaaaaaaaaaaaaaaaaaaaaaaaaaaaaaaaaaaaaaaaaaaaaaaaaaaaaaaaaaaaaaaaaaaaaaaaaaaaaaaaaaaaaaaaaaaaaaaaaaaaaaaaaaaaaaaaaaaaaaaaaaaaaaaaaaaaaaaaaaaaaaaaaaaaaaaaaaaaaaaaaaaaaaaaaaaaaa,item4,C1,72,21853,
mushra_plugin,31,20,productor,Auriculares,moderado,amplia,sdasdasdasdasdasdaaaaaaaaaaaaaaaaaaaaaaaaaaaaaaaaaaaaaaaaaaaaaaaaaaaaaaaaaaaaaaaaaaaaaaaaaaaaaaaaaaaaaaaaaaaaaaaaaaaaaaaaaaaaaaaaaaaaaaaaaaaaaaaaaaaaaaaaaaaaaaaaaaaaaaaaaaaaaaaaaaaaaaaaaaaaaaaaaaaaaaaaaaaaaaaaaaaaaaaaaaaaaaaaaaaaaaaaaaaaaaaaaaaaaaaaaaaaaaaaa,item4,reference,100,21853,
mushra_plugin,31,20,productor,Auriculares,moderado,amplia,sdasdasdasdasdasdaaaaaaaaaaaaaaaaaaaaaaaaaaaaaaaaaaaaaaaaaaaaaaaaaaaaaaaaaaaaaaaaaaaaaaaaaaaaaaaaaaaaaaaaaaaaaaaaaaaaaaaaaaaaaaaaaaaaaaaaaaaaaaaaaaaaaaaaaaaaaaaaaaaaaaaaaaaaaaaaaaaaaaaaaaaaaaaaaaaaaaaaaaaaaaaaaaaaaaaaaaaaaaaaaaaaaaaaaaaaaaaaaaaaaaaaaaaaaaaaa,item4,C2,34,21853,
mushra_plugin,31,20,productor,Auriculares,moderado,amplia,sdasdasdasdasdasdaaaaaaaaaaaaaaaaaaaaaaaaaaaaaaaaaaaaaaaaaaaaaaaaaaaaaaaaaaaaaaaaaaaaaaaaaaaaaaaaaaaaaaaaaaaaaaaaaaaaaaaaaaaaaaaaaaaaaaaaaaaaaaaaaaaaaaaaaaaaaaaaaaaaaaaaaaaaaaaaaaaaaaaaaaaaaaaaaaaaaaaaaaaaaaaaaaaaaaaaaaaaaaaaaaaaaaaaaaaaaaaaaaaaaaaaaaaaaaaaa,item4,C3,1,21853,
mushra_plugin,31,20,productor,Auriculares,moderado,amplia,sdasdasdasdasdasdaaaaaaaaaaaaaaaaaaaaaaaaaaaaaaaaaaaaaaaaaaaaaaaaaaaaaaaaaaaaaaaaaaaaaaaaaaaaaaaaaaaaaaaaaaaaaaaaaaaaaaaaaaaaaaaaaaaaaaaaaaaaaaaaaaaaaaaaaaaaaaaaaaaaaaaaaaaaaaaaaaaaaaaaaaaaaaaaaaaaaaaaaaaaaaaaaaaaaaaaaaaaaaaaaaaaaaaaaaaaaaaaaaaaaaaaaaaaaaaaa,item5,reference,100,48932,
mushra_plugin,31,20,productor,Auriculares,moderado,amplia,sdasdasdasdasdasdaaaaaaaaaaaaaaaaaaaaaaaaaaaaaaaaaaaaaaaaaaaaaaaaaaaaaaaaaaaaaaaaaaaaaaaaaaaaaaaaaaaaaaaaaaaaaaaaaaaaaaaaaaaaaaaaaaaaaaaaaaaaaaaaaaaaaaaaaaaaaaaaaaaaaaaaaaaaaaaaaaaaaaaaaaaaaaaaaaaaaaaaaaaaaaaaaaaaaaaaaaaaaaaaaaaaaaaaaaaaaaaaaaaaaaaaaaaaaaaaa,item5,C2,77,48932,
mushra_plugin,31,20,productor,Auriculares,moderado,amplia,sdasdasdasdasdasdaaaaaaaaaaaaaaaaaaaaaaaaaaaaaaaaaaaaaaaaaaaaaaaaaaaaaaaaaaaaaaaaaaaaaaaaaaaaaaaaaaaaaaaaaaaaaaaaaaaaaaaaaaaaaaaaaaaaaaaaaaaaaaaaaaaaaaaaaaaaaaaaaaaaaaaaaaaaaaaaaaaaaaaaaaaaaaaaaaaaaaaaaaaaaaaaaaaaaaaaaaaaaaaaaaaaaaaaaaaaaaaaaaaaaaaaaaaaaaaaa,item5,C1,48,48932,
mushra_plugin,31,20,productor,Auriculares,moderado,amplia,sdasdasdasdasdasdaaaaaaaaaaaaaaaaaaaaaaaaaaaaaaaaaaaaaaaaaaaaaaaaaaaaaaaaaaaaaaaaaaaaaaaaaaaaaaaaaaaaaaaaaaaaaaaaaaaaaaaaaaaaaaaaaaaaaaaaaaaaaaaaaaaaaaaaaaaaaaaaaaaaaaaaaaaaaaaaaaaaaaaaaaaaaaaaaaaaaaaaaaaaaaaaaaaaaaaaaaaaaaaaaaaaaaaaaaaaaaaaaaaaaaaaaaaaaaaaa,item5,C3,0,48932,
mushra_plugin,31,20,productor,Auriculares,moderado,amplia,sdasdasdasdasdasdaaaaaaaaaaaaaaaaaaaaaaaaaaaaaaaaaaaaaaaaaaaaaaaaaaaaaaaaaaaaaaaaaaaaaaaaaaaaaaaaaaaaaaaaaaaaaaaaaaaaaaaaaaaaaaaaaaaaaaaaaaaaaaaaaaaaaaaaaaaaaaaaaaaaaaaaaaaaaaaaaaaaaaaaaaaaaaaaaaaaaaaaaaaaaaaaaaaaaaaaaaaaaaaaaaaaaaaaaaaaaaaaaaaaaaaaaaaaaaaaa,item5,C1,100,38726,
mushra_plugin,31,20,productor,Auriculares,moderado,amplia,sdasdasdasdasdasdaaaaaaaaaaaaaaaaaaaaaaaaaaaaaaaaaaaaaaaaaaaaaaaaaaaaaaaaaaaaaaaaaaaaaaaaaaaaaaaaaaaaaaaaaaaaaaaaaaaaaaaaaaaaaaaaaaaaaaaaaaaaaaaaaaaaaaaaaaaaaaaaaaaaaaaaaaaaaaaaaaaaaaaaaaaaaaaaaaaaaaaaaaaaaaaaaaaaaaaaaaaaaaaaaaaaaaaaaaaaaaaaaaaaaaaaaaaaaaaaa,item5,reference,48,38726,
mushra_plugin,31,20,productor,Auriculares,moderado,amplia,sdasdasdasdasdasdaaaaaaaaaaaaaaaaaaaaaaaaaaaaaaaaaaaaaaaaaaaaaaaaaaaaaaaaaaaaaaaaaaaaaaaaaaaaaaaaaaaaaaaaaaaaaaaaaaaaaaaaaaaaaaaaaaaaaaaaaaaaaaaaaaaaaaaaaaaaaaaaaaaaaaaaaaaaaaaaaaaaaaaaaaaaaaaaaaaaaaaaaaaaaaaaaaaaaaaaaaaaaaaaaaaaaaaaaaaaaaaaaaaaaaaaaaaaaaaaa,item5,C2,75,38726,
mushra_plugin,31,20,productor,Auriculares,moderado,amplia,sdasdasdasdasdasdaaaaaaaaaaaaaaaaaaaaaaaaaaaaaaaaaaaaaaaaaaaaaaaaaaaaaaaaaaaaaaaaaaaaaaaaaaaaaaaaaaaaaaaaaaaaaaaaaaaaaaaaaaaaaaaaaaaaaaaaaaaaaaaaaaaaaaaaaaaaaaaaaaaaaaaaaaaaaaaaaaaaaaaaaaaaaaaaaaaaaaaaaaaaaaaaaaaaaaaaaaaaaaaaaaaaaaaaaaaaaaaaaaaaaaaaaaaaaaaaa,item5,C3,2,38726,
